,Class,precision,recall,f1-score,support
0,Non-diabetic,0.937176550436922,0.9736030319055173,0.9550425798642632,22692.0
1,Prediabetic,0.9899027999419702,0.9847597055852215,0.9873245550571553,34645.0
2,Diabetic,0.9756540344279833,0.9539446575168785,0.9646772228989038,31549.0
3,accuracy,0.9709740566568413,0.9709740566568413,0.9709740566568413,0.9709740566568413
4,macro avg,0.9675777949356251,0.9707691316692059,0.9690147859401074,88886.0
5,weighted avg,0.9713847165883562,0.9709740566568413,0.9710447892522167,88886.0
